username	password
user4	user@123
user5	user@123
user6	user@123
user7	user@123
user8	user@123
user9	user@123
user10	user@123
user11	user@123
user12	user@123
user13	user@123
user14	user@123
user15	user@123
user16	user@123
user17	user@123
user18	user@123
user19	user@123
user20	user@123
user21	user@123
user22	user@123
user23	user@123
user24	user@123
user25	user@123
user26	user@123
user27	user@123
user28	user@123
user29	user@123
user30	user@123
user31	user@123
user32	user@123
user33	user@123
user34	user@123
user35	user@123
user36	user@123
user37	user@123
user38	user@123
user39	user@123
user40	user@123
user41	user@123
user42	user@123
user43	user@123
user44	user@123
user45	user@123
user46	user@123
user47	user@123
user48	user@123
user49	user@123
user50	user@123
